[{
	"nome": "Marcelo Toscano",
	"posicao": "Atacante",
	"identificadorDoTime": "bb50e9d6ff29c2f1331c6e6fa1020373",
	"tipo": "jogador"
}, {
	"nome": "André Rocha",
	"posicao": "Lateral",
	"identificadorDoTime": "bb50e9d6ff29c2f1331c6e6fa1020373",
	"tipo": "jogador"
}, {
	"nome": "Jean Carlos",
	"posicao": "Atacante",
	"identificadorDoTime": "bb50e9d6ff29c2f1331c6e6fa1020373",
	"tipo": "jogador"
}, {
	"nome": "Márcio Diogo",
	"posicao": "Atacante",
	"identificadorDoTime": "bb50e9d6ff29c2f1331c6e6fa101fde6",
	"tipo": "jogador"
}, {
	"nome": "Vinicíus Bovi",
	"posicao": "Lateral",
	"identificadorDoTime": "bb50e9d6ff29c2f1331c6e6fa101fde6",
	"tipo": "jogador"
}, {
	"nome": "Felipe Alves",
	"posicao": "Atacante",
	"identificadorDoTime": "bb50e9d6ff29c2f1331c6e6fa101fde6",
	"tipo": "jogador"
}, {
	"nome": "Diego Cavalieri",
	"posicao": "Goleiro",
	"identificadorDoTime": "bb50e9d6ff29c2f1331c6e6fa1016e83",
	"tipo": "jogador"
}, {
	"nome": "Tiago Neves",
	"posicao": "Meia",
	"identificadorDoTime": "bb50e9d6ff29c2f1331c6e6fa1016e83",
	"tipo": "jogador"
}, {
	"nome": "Rafael Sobis",
	"posicao": "Atacante",
	"identificadorDoTime": "bb50e9d6ff29c2f1331c6e6fa1016e83",
	"tipo": "jogador"
}]
