[{
	"nome": "Fluminense Football Club",
	"dataDeFundacao": "1902-07-21",
	"estado": "RJ",
	"capacidadeDoEstadio": 46931,
	"rankingNacional": 1,
	"tipo": "time"
}, {
	"nome": "Sport Club Corinthians Paulista",
	"dataDeFundacao": "1910-09-01",
	"estado": "SP",
	"capacidadeDoEstadio": 48000,
	"rankingNacional": 2,
	"tipo": "time"
}, {
	"nome": "Club de Regatas Vasco da Gama",
	"dataDeFundacao": "1898-08-21",
	"estado": "RJ",
	"capacidadeDoEstadio": 24584,
	"rankingNacional": 3,
	"tipo": "time"
}, {
	"nome": "São Paulo Futebol Clube",
	"dataDeFundacao": "1930-01-27",
	"estado": "SP",
	"capacidadeDoEstadio": 66795,
	"rankingNacional": 4,
	"tipo": "time"
}, {
	"nome": "Grêmio Foot-Ball Porto Alegrense",
	"dataDeFundacao": "1903-09-15",
	"estado": "RS",
	"capacidadeDoEstadio": 60540,
	"rankingNacional": 5,
	"tipo": "time"
}, {
	"nome": "Sport Club Internacional",
	"dataDeFundacao": "1909-4-4",
	"estado": "RS",
	"capacidadeDoEstadio": 19584,
	"rankingNacional": 6,
	"tipo": "time"
}, {
	"nome": "Clube de Regatas do Flamengo",
	"dataDeFundacao": "1895-11-17",
	"estado": "RJ",
	"capacidadeDoEstadio": 20255,
	"rankingNacional": 7,
	"tipo": "time"
}, {
	"nome": "Sociedade Esportiva Palmeiras",
	"dataDeFundacao": "1914-08-26",
	"estado": "SP",
	"capacidadeDoEstadio": 45000,
	"rankingNacional": 8,
	"tipo": "time"
}, {
	"nome": "Santos Futebol Clube",
	"dataDeFundacao": "1912-04-14",
	"estado": "SP",
	"capacidadeDoEstadio": 16798,
	"rankingNacional": 9,
	"tipo": "time"
}, {
	"nome": "Cruzeiro Esporte Clube",
	"dataDeFundacao": "1921-01-02",
	"estado": "MG",
	"capacidadeDoEstadio": 62547,
	"rankingNacional": 10,
	"tipo": "time"
}, {
	"nome": "Coritiba Foot Ball Club",
	"dataDeFundacao": "1909-10-12",
	"estado": "PR",
	"capacidadeDoEstadio": 37182,
	"rankingNacional": 11,
	"tipo": "time"
}, {
	"nome": "Clube Atlético Mineiro",
	"dataDeFundacao": "1908-03-25",
	"estado": "MG",
	"capacidadeDoEstadio": 23018,
	"rankingNacional": 12,
	"tipo": "time"
}, {
	"nome": "Clube Atlético Paranaense",
	"dataDeFundacao": "1924-03-26",
	"estado": "PR",
	"capacidadeDoEstadio": 43000,
	"rankingNacional": 13,
	"tipo": "time"
}, {
	"nome": "Botafogo de Futebol e Regatas",
	"dataDeFundacao": "1894-07-01",
	"estado": "RJ",
	"capacidadeDoEstadio": 46953,
	"rankingNacional": 14,
	"tipo": "time"
}, {
	"nome": "Esporte Clube Vitória",
	"dataDeFundacao": "1899-05-13",
	"estado": "BA",
	"capacidadeDoEstadio": 35000,
	"rankingNacional": 15,
	"tipo": "time"
}, {
	"nome": "Goiás Esporte Clube",
	"dataDeFundacao": "1943-04-06",
	"estado": "BA",
	"capacidadeDoEstadio": 50049,
	"rankingNacional": 16,
	"tipo": "time"
}, {
	"nome": "Esporte Clube Bahia",
	"dataDeFundacao": "1931-01-01",
	"estado": "BA",
	"capacidadeDoEstadio": 50000,
	"rankingNacional": 17,
	"tipo": "time"
}, {
	"nome": "Atlético Clube Goianiense",
	"dataDeFundacao": "1937-04-02",
	"estado": "GO",
	"capacidadeDoEstadio": 15000,
	"rankingNacional": 18,
	"tipo": "time"
}, {
	"nome": "Sport Club do Recife",
	"dataDeFundacao": "1905-05-13",
	"estado": "PE",
	"capacidadeDoEstadio": 35000,
	"rankingNacional": 19,
	"tipo": "time"
}, {
	"nome": "Avaí Futebol Clube",
	"dataDeFundacao": "1923-09-01",
	"estado": "SC",
	"capacidadeDoEstadio": 17537,
	"rankingNacional": 20,
	"tipo": "time"
}, {
	"nome": "Figueirense Futebol Clube",
	"dataDeFundacao": "1921-06-18",
	"estado": "SC",
	"capacidadeDoEstadio": 19584,
	"rankingNacional": 25,
	"tipo": "time"
}]
